{
  "familiarity": 1.2000000000000002,
  "last_seen": 1777983091.647403
}